Data,Canal,Campanha,Cliques,Impressoes,Custo,Conversoes,Receita,CTR,CPC,CPA,ROAS
2024-01-01,Pago,Campanha C,882,23808,33.78,190,1838.55,3.7,0.04,0.18,5442.72
2024-01-02,Referência,Campanha C,567,14750,422.25,141,1134.35,3.84,0.74,2.99,268.64
2024-01-03,Pago,Campanha B,4403,27689,257.63,181,1349.82,15.9,0.06,1.42,523.94
2024-01-04,Referência,Campanha A,1509,11732,489.26,81,1441.99,12.86,0.32,6.04,294.73
2024-01-05,Email Marketing,Campanha D,4506,36055,401.9,100,1741.42,12.5,0.09,4.02,433.3
2024-01-06,Pago,Campanha C,3539,44449,40.46,5,1363.41,7.96,0.01,8.09,3369.77
2024-01-07,Email Marketing,Campanha B,4004,44036,390.69,113,171.2,9.09,0.1,3.46,43.82
2024-01-08,Pago,Campanha B,4222,29111,128.89,29,301.33,14.5,0.03,4.44,233.79
2024-01-09,Orgânico,Campanha A,3291,29593,21.47,37,641.57,11.12,0.01,0.58,2988.22
2024-01-10,Social Media,Campanha C,3529,9794,247.22,71,192.46,36.03,0.07,3.48,77.85
2024-01-11,Referência,Campanha A,3634,40004,198.39,123,905.41,9.08,0.05,1.61,456.38
2024-01-12,Orgânico,Campanha D,2840,28487,33.89,70,1022.96,9.97,0.01,0.48,3018.47
2024-01-13,Email Marketing,Campanha D,1242,39977,52.03,70,1517.22,3.11,0.04,0.74,2916.05
2024-01-14,Orgânico,Campanha D,4705,49337,393.67,194,613.35,9.54,0.08,2.03,155.8
2024-01-15,Social Media,Campanha A,1579,19885,458.29,6,1382.27,7.94,0.29,76.38,301.61
2024-01-16,Referência,Campanha C,644,47996,268.59,23,419.02,1.34,0.42,11.68,156.01
2024-01-17,Orgânico,Campanha A,1334,13568,50.0,80,460.08,9.83,0.04,0.62,920.16
2024-01-18,Orgânico,Campanha C,2503,41336,16.21,138,1073.45,6.06,0.01,0.12,6622.15
2024-01-19,Pago,Campanha C,3585,40542,243.72,75,1181.31,8.84,0.07,3.25,484.7
2024-01-20,Pago,Campanha D,4214,26771,168.25,89,573.97,15.74,0.04,1.89,341.14
2024-01-21,Pago,Campanha B,828,25407,64.33,102,1418.08,3.26,0.08,0.63,2204.38
2024-01-22,Email Marketing,Campanha A,1797,13672,189.36,82,811.72,13.14,0.11,2.31,428.66
2024-01-23,Referência,Campanha D,1714,47021,392.06,119,1941.78,3.65,0.23,3.29,495.28
2024-01-24,Social Media,Campanha D,651,33547,265.0,58,1515.58,1.94,0.41,4.57,571.92
2024-01-25,Email Marketing,Campanha B,3833,34707,296.8,17,897.92,11.04,0.08,17.46,302.53
2024-01-26,Social Media,Campanha C,109,15711,50.5,70,1334.93,0.69,0.46,0.72,2643.43
2024-01-27,Orgânico,Campanha D,1767,8844,267.73,38,895.9,19.98,0.15,7.05,334.63
2024-01-28,Referência,Campanha C,591,34710,166.19,60,1446.33,1.7,0.28,2.77,870.29
2024-01-29,Email Marketing,Campanha B,4115,18226,135.09,167,714.51,22.58,0.03,0.81,528.91
2024-01-30,Orgânico,Campanha D,1081,7405,76.78,178,1734.41,14.6,0.07,0.43,2258.93
2024-01-31,Pago,Campanha A,2400,37113,440.01,95,850.87,6.47,0.18,4.63,193.38
2024-02-01,Pago,Campanha A,4634,27864,261.71,52,780.7,16.63,0.06,5.03,298.31
2024-02-02,Pago,Campanha A,4868,5592,345.12,113,1715.14,87.05,0.07,3.05,496.97
2024-02-03,Pago,Campanha D,3900,38071,320.62,130,1056.91,10.24,0.08,2.47,329.65
2024-02-04,Referência,Campanha A,1299,36929,228.97,16,707.72,3.52,0.18,14.31,309.09
2024-02-05,Referência,Campanha D,4586,46008,425.8,83,1656.34,9.97,0.09,5.13,388.99
2024-02-06,Social Media,Campanha D,3072,7753,237.99,20,661.98,39.62,0.08,11.9,278.15
2024-02-07,Social Media,Campanha C,533,15088,321.59,174,655.71,3.53,0.6,1.85,203.9
2024-02-08,Orgânico,Campanha C,2106,42328,80.38,9,961.74,4.98,0.04,8.93,1196.49
2024-02-09,Pago,Campanha B,3037,6421,205.72,77,1161.97,47.3,0.07,2.67,564.83
2024-02-10,Pago,Campanha D,2626,6087,84.41,140,225.41,43.14,0.03,0.6,267.04
2024-02-11,Pago,Campanha B,3655,16833,380.15,41,307.03,21.71,0.1,9.27,80.77
2024-02-12,Pago,Campanha B,3096,16422,241.29,180,463.08,18.85,0.08,1.34,191.92
2024-02-13,Pago,Campanha B,1228,25171,395.1,127,85.32,4.88,0.32,3.11,21.59
2024-02-14,Orgânico,Campanha B,2516,24644,126.62,158,145.57,10.21,0.05,0.8,114.97
2024-02-15,Pago,Campanha C,1230,30428,424.07,149,1179.73,4.04,0.34,2.85,278.19
2024-02-16,Social Media,Campanha C,1812,8682,304.65,115,516.92,20.87,0.17,2.65,169.68
2024-02-17,Pago,Campanha A,4765,13087,97.48,32,402.13,36.41,0.02,3.05,412.53
2024-02-18,Social Media,Campanha C,372,17731,389.41,31,1678.84,2.1,1.05,12.56,431.12
2024-02-19,Referência,Campanha D,2437,10461,108.73,198,1146.31,23.3,0.04,0.55,1054.27
2024-02-20,Orgânico,Campanha D,4549,49838,415.56,176,529.16,9.13,0.09,2.36,127.34
2024-02-21,Referência,Campanha C,112,25153,411.63,55,318.6,0.45,3.68,7.48,77.4
2024-02-22,Pago,Campanha A,373,10014,450.4,117,1576.87,3.72,1.21,3.85,350.1
2024-02-23,Pago,Campanha A,597,10561,280.9,173,1318.68,5.65,0.47,1.62,469.45
2024-02-24,Pago,Campanha D,627,44225,253.69,99,808.78,1.42,0.4,2.56,318.81
2024-02-25,Referência,Campanha B,4601,11306,475.09,113,1779.73,40.7,0.1,4.2,374.61
2024-02-26,Email Marketing,Campanha C,4476,41125,298.11,153,1075.83,10.88,0.07,1.95,360.88
2024-02-27,Orgânico,Campanha A,972,38522,131.93,40,1152.19,2.52,0.14,3.3,873.33
2024-02-28,Pago,Campanha A,3210,7126,477.01,97,1080.84,45.05,0.15,4.92,226.59
2024-02-29,Orgânico,Campanha A,4212,9769,348.54,19,1361.8,43.12,0.08,18.34,390.72
2024-03-01,Referência,Campanha A,2783,18738,247.61,96,200.43,14.85,0.09,2.58,80.95
2024-03-02,Orgânico,Campanha B,4597,25388,177.84,154,407.1,18.11,0.04,1.15,228.91
2024-03-03,Referência,Campanha A,2660,44361,303.62,41,1639.01,6.0,0.11,7.41,539.82
2024-03-04,Email Marketing,Campanha A,4747,5518,409.49,52,529.68,86.03,0.09,7.87,129.35
2024-03-05,Email Marketing,Campanha B,128,18993,51.79,76,1163.88,0.67,0.4,0.68,2247.31
2024-03-06,Orgânico,Campanha A,303,34986,435.86,21,1021.03,0.87,1.44,20.76,234.26
2024-03-07,Email Marketing,Campanha A,2574,33514,228.5,113,1644.08,7.68,0.09,2.02,719.51
2024-03-08,Orgânico,Campanha A,3011,24536,229.3,156,1931.05,12.27,0.08,1.47,842.15
2024-03-09,Pago,Campanha B,1044,20446,342.62,165,1691.36,5.11,0.33,2.08,493.65
2024-03-10,Orgânico,Campanha C,4546,36733,484.99,180,1275.74,12.38,0.11,2.69,263.04
2024-03-11,Pago,Campanha D,2858,7973,90.52,182,1592.18,35.85,0.03,0.5,1758.93
2024-03-12,Social Media,Campanha D,2208,44235,244.68,138,1178.62,4.99,0.11,1.77,481.7
2024-03-13,Pago,Campanha C,1047,26758,392.05,102,998.84,3.91,0.37,3.84,254.77
2024-03-14,Orgânico,Campanha D,674,31608,404.53,5,1844.66,2.13,0.6,80.91,456.0
2024-03-15,Pago,Campanha D,790,23784,213.44,115,1440.02,3.32,0.27,1.86,674.67
2024-03-16,Email Marketing,Campanha D,861,25449,208.47,57,1900.01,3.38,0.24,3.66,911.41
2024-03-17,Pago,Campanha B,2587,32866,173.29,70,765.92,7.87,0.07,2.48,441.99
2024-03-18,Referência,Campanha A,4721,21795,269.29,21,628.29,21.66,0.06,12.82,233.31
2024-03-19,Orgânico,Campanha B,3579,42531,445.01,140,838.45,8.42,0.12,3.18,188.41
2024-03-20,Social Media,Campanha D,3491,23884,406.66,138,1192.68,14.62,0.12,2.95,293.29
2024-03-21,Orgânico,Campanha B,505,23954,291.34,18,306.18,2.11,0.58,16.19,105.09
2024-03-22,Social Media,Campanha B,3277,22796,244.89,194,311.78,14.38,0.07,1.26,127.31
2024-03-23,Referência,Campanha C,4242,46552,296.92,11,314.95,9.11,0.07,26.99,106.07
2024-03-24,Pago,Campanha A,2046,49671,34.94,77,409.44,4.12,0.02,0.45,1171.84
2024-03-25,Social Media,Campanha B,281,35111,413.68,30,1708.37,0.8,1.47,13.79,412.97
2024-03-26,Email Marketing,Campanha C,163,47139,396.49,173,801.57,0.35,2.43,2.29,202.17
2024-03-27,Pago,Campanha B,2594,8146,497.25,105,1416.56,31.84,0.19,4.74,284.88
2024-03-28,Orgânico,Campanha C,2549,16069,19.29,7,272.58,15.86,0.01,2.76,1413.06
2024-03-29,Pago,Campanha D,4092,40347,278.72,17,843.5,10.14,0.07,16.4,302.63
2024-03-30,Email Marketing,Campanha C,1488,10764,419.04,83,567.37,13.82,0.28,5.05,135.4
2024-03-31,Email Marketing,Campanha C,4626,48592,105.58,172,1127.3,9.52,0.02,0.61,1067.72
2024-04-01,Pago,Campanha A,1460,11335,241.84,6,1251.1,12.88,0.17,40.31,517.33
2024-04-02,Email Marketing,Campanha D,367,29194,416.37,148,51.6,1.26,1.13,2.81,12.39
2024-04-03,Pago,Campanha D,4636,46380,41.11,61,1973.78,10.0,0.01,0.67,4801.22
2024-04-04,Pago,Campanha C,3718,26140,93.76,173,1155.51,14.22,0.03,0.54,1232.41
2024-04-05,Email Marketing,Campanha D,1575,18382,10.0,14,106.5,8.57,0.01,0.71,1065.0
2024-04-06,Email Marketing,Campanha A,664,32480,143.55,13,1637.29,2.04,0.22,11.04,1140.57
2024-04-07,Email Marketing,Campanha D,328,25558,91.04,83,936.46,1.28,0.28,1.1,1028.62
2024-04-08,Social Media,Campanha D,1488,12347,390.74,104,1663.59,12.05,0.26,3.76,425.75
2024-04-09,Social Media,Campanha A,4920,39599,434.18,38,620.02,12.42,0.09,11.43,142.8
2024-04-10,Referência,Campanha C,1498,44554,15.19,61,1665.63,3.36,0.01,0.25,10965.31
2024-04-11,Orgânico,Campanha C,4893,47517,21.75,90,878.71,10.3,0.0,0.24,4040.05
2024-04-12,Email Marketing,Campanha A,2454,10416,480.16,64,1647.1,23.56,0.2,7.5,343.03
2024-04-13,Pago,Campanha A,2845,7938,164.36,87,1324.66,35.84,0.06,1.89,805.95
2024-04-14,Orgânico,Campanha A,2574,41627,459.68,56,452.43,6.18,0.18,8.21,98.42
2024-04-15,Orgânico,Campanha D,4028,41460,79.47,60,575.19,9.72,0.02,1.32,723.78
2024-04-16,Orgânico,Campanha A,1999,47129,191.42,158,353.27,4.24,0.1,1.21,184.55
2024-04-17,Email Marketing,Campanha C,1798,9739,231.49,79,847.84,18.46,0.13,2.93,366.25
2024-04-18,Pago,Campanha C,1928,37848,58.86,84,1460.92,5.09,0.03,0.7,2482.03
2024-04-19,Orgânico,Campanha B,594,7025,316.69,114,1032.34,8.46,0.53,2.78,325.98
2024-04-20,Email Marketing,Campanha A,2083,18817,449.46,82,212.23,11.07,0.22,5.48,47.22
2024-04-21,Orgânico,Campanha D,1017,40148,338.11,7,1715.21,2.53,0.33,48.3,507.29
2024-04-22,Orgânico,Campanha C,1234,49923,61.73,161,556.91,2.47,0.05,0.38,902.17
2024-04-23,Pago,Campanha B,2075,20215,225.22,66,1233.43,10.26,0.11,3.41,547.66
2024-04-24,Social Media,Campanha A,3073,35851,161.05,23,316.97,8.57,0.05,7.0,196.81
2024-04-25,Email Marketing,Campanha C,4381,22751,243.93,12,245.53,19.26,0.06,20.33,100.66
2024-04-26,Social Media,Campanha D,3685,40641,12.91,188,1236.01,9.07,0.0,0.07,9574.05
2024-04-27,Social Media,Campanha B,2341,35301,420.77,194,969.24,6.63,0.18,2.17,230.35
2024-04-28,Social Media,Campanha A,2883,20957,95.61,173,1861.94,13.76,0.03,0.55,1947.43
2024-04-29,Email Marketing,Campanha D,1321,24746,52.72,72,985.39,5.34,0.04,0.73,1869.1
2024-04-30,Referência,Campanha A,475,49684,332.03,115,1719.82,0.96,0.7,2.89,517.97
2024-05-01,Email Marketing,Campanha D,4120,28859,48.96,114,1453.8,14.28,0.01,0.43,2969.36
2024-05-02,Email Marketing,Campanha D,1239,15657,240.18,102,297.59,7.91,0.19,2.35,123.9
2024-05-03,Social Media,Campanha C,3305,9339,193.44,70,1528.8,35.39,0.06,2.76,790.32
2024-05-04,Orgânico,Campanha D,496,15066,476.35,42,882.77,3.29,0.96,11.34,185.32
2024-05-05,Pago,Campanha B,3926,40146,284.82,138,1515.21,9.78,0.07,2.06,531.99
2024-05-06,Orgânico,Campanha A,3920,5161,262.11,16,1290.67,75.95,0.07,16.38,492.42
2024-05-07,Orgânico,Campanha B,2992,8131,434.11,189,1074.87,36.8,0.15,2.3,247.6
2024-05-08,Orgânico,Campanha B,4245,38284,437.43,70,1487.78,11.09,0.1,6.25,340.12
2024-05-09,Pago,Campanha A,2446,17894,419.7,35,803.01,13.67,0.17,11.99,191.33
2024-05-10,Referência,Campanha D,4660,28602,135.95,21,462.63,16.29,0.03,6.47,340.29
2024-05-11,Social Media,Campanha B,2380,42405,63.96,21,501.82,5.61,0.03,3.05,784.58
2024-05-12,Email Marketing,Campanha B,2435,11126,154.76,30,60.23,21.89,0.06,5.16,38.92
2024-05-13,Orgânico,Campanha D,2123,20618,265.66,123,1618.26,10.3,0.13,2.16,609.15
2024-05-14,Referência,Campanha C,1840,8515,254.84,36,73.6,21.61,0.14,7.08,28.88
2024-05-15,Email Marketing,Campanha A,1117,27303,378.79,28,1361.31,4.09,0.34,13.53,359.38
2024-05-16,Orgânico,Campanha C,3204,9588,12.16,121,1247.83,33.42,0.0,0.1,10261.76
2024-05-17,Orgânico,Campanha D,3167,32931,94.66,60,1278.97,9.62,0.03,1.58,1351.12
2024-05-18,Email Marketing,Campanha A,1390,35647,493.83,110,1839.71,3.9,0.36,4.49,372.54
2024-05-19,Referência,Campanha A,3008,6414,208.35,88,562.29,46.9,0.07,2.37,269.88
2024-05-20,Social Media,Campanha C,4643,29587,425.37,123,1054.14,15.69,0.09,3.46,247.82
2024-05-21,Social Media,Campanha A,4551,16155,445.3,140,762.82,28.17,0.1,3.18,171.3
2024-05-22,Pago,Campanha C,1495,19069,322.82,27,1506.61,7.84,0.22,11.96,466.7
2024-05-23,Email Marketing,Campanha A,3618,39234,390.19,182,306.84,9.22,0.11,2.14,78.64
2024-05-24,Email Marketing,Campanha A,1543,21146,193.64,19,397.91,7.3,0.13,10.19,205.49
2024-05-25,Referência,Campanha A,1969,7095,381.88,126,935.89,27.75,0.19,3.03,245.07
2024-05-26,Orgânico,Campanha D,207,35812,26.33,109,399.07,0.58,0.13,0.24,1515.65
2024-05-27,Email Marketing,Campanha B,4705,32814,394.54,188,700.74,14.34,0.08,2.1,177.61
2024-05-28,Social Media,Campanha B,1865,36145,257.67,129,416.85,5.16,0.14,2.0,161.78
2024-05-29,Referência,Campanha D,3331,10093,262.3,44,744.01,33.0,0.08,5.96,283.65
2024-05-30,Orgânico,Campanha A,2248,40656,409.69,172,1742.4,5.53,0.18,2.38,425.3
2024-05-31,Email Marketing,Campanha C,4467,20547,48.14,13,1631.5,21.74,0.01,3.7,3389.07
2024-06-01,Referência,Campanha A,4475,32345,107.34,35,922.14,13.84,0.02,3.07,859.08
2024-06-02,Social Media,Campanha C,3326,42976,264.5,36,1156.01,7.74,0.08,7.35,437.05
2024-06-03,Referência,Campanha D,100,35403,113.1,126,1188.47,0.28,1.13,0.9,1050.81
2024-06-04,Pago,Campanha D,3110,15513,376.07,13,1156.72,20.05,0.12,28.93,307.58
2024-06-05,Social Media,Campanha D,3092,32081,362.58,166,1175.94,9.64,0.12,2.18,324.33
2024-06-06,Social Media,Campanha A,4763,39270,301.5,165,1730.93,12.13,0.06,1.83,574.11
2024-06-07,Orgânico,Campanha D,2405,30386,424.57,132,1397.63,7.91,0.18,3.22,329.19
2024-06-08,Email Marketing,Campanha D,2190,20886,22.28,45,369.71,10.49,0.01,0.5,1659.38
2024-06-09,Email Marketing,Campanha D,4424,18342,213.46,16,1718.26,24.12,0.05,13.34,804.96
2024-06-10,Referência,Campanha D,2688,31180,433.88,32,1557.5,8.62,0.16,13.56,358.97
2024-06-11,Social Media,Campanha B,1239,24880,31.96,175,436.08,4.98,0.03,0.18,1364.46
2024-06-12,Email Marketing,Campanha B,4193,23100,373.05,60,771.75,18.15,0.09,6.22,206.88
2024-06-13,Orgânico,Campanha D,1909,23190,129.93,130,944.65,8.23,0.07,1.0,727.05
2024-06-14,Referência,Campanha B,195,29954,339.02,120,293.51,0.65,1.74,2.83,86.58
2024-06-15,Social Media,Campanha C,3598,27358,277.84,99,944.4,13.15,0.08,2.81,339.91
2024-06-16,Email Marketing,Campanha D,2311,35281,438.53,5,285.0,6.55,0.19,87.71,64.99
2024-06-17,Email Marketing,Campanha D,3796,6649,64.61,23,1945.34,57.09,0.02,2.81,3010.9
2024-06-18,Social Media,Campanha A,1560,22996,79.7,158,1492.9,6.78,0.05,0.5,1873.15
2024-06-19,Email Marketing,Campanha A,3871,13498,429.6,147,883.31,28.68,0.11,2.92,205.61
2024-06-20,Orgânico,Campanha C,3437,47533,52.63,76,1106.16,7.23,0.02,0.69,2101.77
2024-06-21,Orgânico,Campanha C,3132,42358,175.75,166,538.81,7.39,0.06,1.06,306.58
2024-06-22,Social Media,Campanha D,1844,23588,498.11,163,516.67,7.82,0.27,3.06,103.73
2024-06-23,Social Media,Campanha C,2286,36578,419.21,122,1198.95,6.25,0.18,3.44,286.0
2024-06-24,Referência,Campanha D,4100,39150,466.28,41,210.24,10.47,0.11,11.37,45.09
2024-06-25,Referência,Campanha C,1147,15360,291.08,60,728.32,7.47,0.25,4.85,250.21
2024-06-26,Social Media,Campanha D,1016,33872,384.49,166,648.81,3.0,0.38,2.32,168.75
2024-06-27,Email Marketing,Campanha D,2693,45076,30.56,115,1509.86,5.97,0.01,0.27,4940.64
2024-06-28,Pago,Campanha D,908,28485,331.38,69,893.75,3.19,0.36,4.8,269.71
2024-06-29,Referência,Campanha D,3085,15589,386.13,42,1826.72,19.79,0.13,9.19,473.08
2024-06-30,Pago,Campanha D,192,40144,258.44,141,225.86,0.48,1.35,1.83,87.39
2024-07-01,Orgânico,Campanha D,1258,39089,276.43,42,327.66,3.22,0.22,6.58,118.53
2024-07-02,Pago,Campanha C,1438,13096,13.48,81,284.06,10.98,0.01,0.17,2107.27
2024-07-03,Pago,Campanha A,440,30818,157.35,117,734.51,1.43,0.36,1.34,466.8
2024-07-04,Social Media,Campanha A,2332,21480,228.09,109,244.09,10.86,0.1,2.09,107.01
2024-07-05,Referência,Campanha C,941,24626,107.33,79,807.34,3.82,0.11,1.36,752.2
2024-07-06,Social Media,Campanha A,4098,14308,288.02,166,570.55,28.64,0.07,1.74,198.09
2024-07-07,Referência,Campanha A,2404,9950,41.76,136,1756.52,24.16,0.02,0.31,4206.23
2024-07-08,Pago,Campanha C,1619,8468,148.58,42,1560.89,19.12,0.09,3.54,1050.54
2024-07-09,Orgânico,Campanha C,1224,37127,419.61,149,1762.96,3.3,0.34,2.82,420.14
2024-07-10,Pago,Campanha D,1924,38671,471.29,84,1281.44,4.98,0.24,5.61,271.9
2024-07-11,Email Marketing,Campanha C,2645,18156,101.05,126,697.99,14.57,0.04,0.8,690.74
2024-07-12,Pago,Campanha D,162,44638,450.32,43,1133.61,0.36,2.78,10.47,251.73
2024-07-13,Pago,Campanha B,2866,24777,106.33,101,773.84,11.57,0.04,1.05,727.77
2024-07-14,Social Media,Campanha D,674,27697,142.35,125,1198.83,2.43,0.21,1.14,842.17
2024-07-15,Social Media,Campanha C,894,27597,72.27,119,253.21,3.24,0.08,0.61,350.37
2024-07-16,Pago,Campanha A,1902,25596,81.55,100,1406.25,7.43,0.04,0.82,1724.4
2024-07-17,Referência,Campanha A,1538,22701,216.17,19,908.52,6.78,0.14,11.38,420.28
2024-07-18,Referência,Campanha A,3236,32954,368.02,190,1614.61,9.82,0.11,1.94,438.73
2024-07-19,Email Marketing,Campanha B,657,17597,277.97,186,1196.67,3.73,0.42,1.49,430.5
2024-07-20,Referência,Campanha C,4272,45896,153.35,176,1516.99,9.31,0.04,0.87,989.23
2024-07-21,Orgânico,Campanha B,4892,18172,268.55,187,1071.53,26.92,0.05,1.44,399.01
2024-07-22,Social Media,Campanha A,3213,26354,183.73,77,1182.29,12.19,0.06,2.39,643.49
2024-07-23,Referência,Campanha A,4996,46907,475.19,194,414.19,10.65,0.1,2.45,87.16
2024-07-24,Referência,Campanha C,4027,39331,185.87,132,564.02,10.24,0.05,1.41,303.45
2024-07-25,Social Media,Campanha C,266,27980,272.27,194,896.7,0.95,1.02,1.4,329.34
2024-07-26,Pago,Campanha C,1197,20466,296.93,45,1683.97,5.85,0.25,6.6,567.13
2024-07-27,Pago,Campanha B,1045,12840,280.55,131,1590.35,8.14,0.27,2.14,566.87
2024-07-28,Social Media,Campanha C,1152,17484,381.15,21,191.05,6.59,0.33,18.15,50.12
2024-07-29,Email Marketing,Campanha C,345,14562,160.29,79,1780.99,2.37,0.46,2.03,1111.1
2024-07-30,Email Marketing,Campanha D,1158,35689,152.56,110,577.24,3.24,0.13,1.39,378.37
2024-07-31,Pago,Campanha A,2255,38432,183.84,82,979.27,5.87,0.08,2.24,532.68
2024-08-01,Social Media,Campanha A,764,28422,330.89,191,1090.01,2.69,0.43,1.73,329.42
2024-08-02,Orgânico,Campanha C,2208,39366,53.92,65,153.49,5.61,0.02,0.83,284.66
2024-08-03,Referência,Campanha C,3607,15338,219.41,74,1920.89,23.52,0.06,2.96,875.48
2024-08-04,Email Marketing,Campanha A,3548,43726,322.12,177,1731.82,8.11,0.09,1.82,537.63
2024-08-05,Email Marketing,Campanha A,722,13041,248.76,61,847.28,5.54,0.34,4.08,340.6
2024-08-06,Pago,Campanha D,776,40175,375.85,15,1023.45,1.93,0.48,25.06,272.3
2024-08-07,Referência,Campanha A,3380,6127,19.59,187,215.42,55.17,0.01,0.1,1099.64
2024-08-08,Email Marketing,Campanha C,1199,32484,58.34,43,1036.72,3.69,0.05,1.36,1777.03
2024-08-09,Social Media,Campanha A,4140,39110,34.9,121,1231.41,10.59,0.01,0.29,3528.4
2024-08-10,Email Marketing,Campanha B,878,45536,119.28,127,1371.82,1.93,0.14,0.94,1150.08
2024-08-11,Social Media,Campanha D,4927,10237,421.65,147,1849.31,48.13,0.09,2.87,438.59
2024-08-12,Social Media,Campanha C,4877,15808,347.85,106,567.49,30.85,0.07,3.28,163.14
2024-08-13,Email Marketing,Campanha C,2456,34875,249.43,104,1413.25,7.04,0.1,2.4,566.59
2024-08-14,Social Media,Campanha D,4746,15609,63.12,83,363.24,30.41,0.01,0.76,575.48
2024-08-15,Pago,Campanha A,4497,12069,380.61,40,1127.69,37.26,0.08,9.52,296.28
2024-08-16,Referência,Campanha D,877,32929,229.48,46,1036.7,2.66,0.26,4.99,451.76
2024-08-17,Email Marketing,Campanha D,2388,45377,202.08,66,884.75,5.26,0.08,3.06,437.82
2024-08-18,Referência,Campanha D,4165,47656,132.03,15,621.6,8.74,0.03,8.8,470.8
2024-08-19,Orgânico,Campanha D,702,48709,194.63,197,662.29,1.44,0.28,0.99,340.28
2024-08-20,Email Marketing,Campanha B,1366,35592,182.83,62,1596.39,3.84,0.13,2.95,873.16
2024-08-21,Social Media,Campanha D,4011,24995,82.54,171,402.14,16.05,0.02,0.48,487.21
2024-08-22,Referência,Campanha B,4278,26725,301.54,96,583.09,16.01,0.07,3.14,193.37
2024-08-23,Referência,Campanha B,1521,8519,334.77,113,1978.34,17.85,0.22,2.96,590.95
2024-08-24,Email Marketing,Campanha C,4581,41401,478.62,109,445.17,11.06,0.1,4.39,93.01
2024-08-25,Email Marketing,Campanha A,1503,15649,497.96,168,1725.45,9.6,0.33,2.96,346.5
2024-08-26,Social Media,Campanha D,4906,27943,280.68,160,529.08,17.56,0.06,1.75,188.5
2024-08-27,Pago,Campanha D,2693,22358,291.15,65,1144.4,12.04,0.11,4.48,393.06
2024-08-28,Email Marketing,Campanha A,2869,6999,44.46,190,1800.61,40.99,0.02,0.23,4049.96
2024-08-29,Orgânico,Campanha D,3532,22404,41.26,143,1045.12,15.77,0.01,0.29,2533.01
2024-08-30,Pago,Campanha D,4409,27380,403.91,185,574.17,16.1,0.09,2.18,142.15
2024-08-31,Orgânico,Campanha C,1993,46798,122.64,175,949.54,4.26,0.06,0.7,774.25
2024-09-01,Email Marketing,Campanha B,3156,6784,251.19,160,333.44,46.52,0.08,1.57,132.74
2024-09-02,Referência,Campanha A,4630,15350,258.39,49,251.77,30.16,0.06,5.27,97.44
2024-09-03,Social Media,Campanha B,4654,23825,241.51,118,1026.6,19.53,0.05,2.05,425.08
2024-09-04,Social Media,Campanha A,523,42579,218.85,102,1618.19,1.23,0.42,2.15,739.41
2024-09-05,Social Media,Campanha B,4982,20176,499.7,143,233.43,24.69,0.1,3.49,46.71
2024-09-06,Email Marketing,Campanha B,970,35544,473.63,28,229.08,2.73,0.49,16.92,48.37
2024-09-07,Pago,Campanha B,1002,17840,243.88,99,640.03,5.62,0.24,2.46,262.44
2024-09-08,Email Marketing,Campanha B,2734,42561,267.28,99,1660.29,6.42,0.1,2.7,621.18
2024-09-09,Social Media,Campanha D,1596,38874,188.23,106,1015.97,4.11,0.12,1.78,539.75
2024-09-10,Email Marketing,Campanha D,3303,13810,99.31,138,1042.39,23.92,0.03,0.72,1049.63
2024-09-11,Referência,Campanha A,915,11051,71.53,185,631.62,8.28,0.08,0.39,883.01
2024-09-12,Social Media,Campanha B,2546,34200,56.16,76,1405.12,7.44,0.02,0.74,2501.99
2024-09-13,Social Media,Campanha C,1003,17332,196.69,102,1809.32,5.79,0.2,1.93,919.88
2024-09-14,Orgânico,Campanha B,2719,40444,175.11,71,1171.92,6.72,0.06,2.47,669.25
2024-09-15,Referência,Campanha C,4179,14425,53.29,126,389.43,28.97,0.01,0.42,730.78
2024-09-16,Orgânico,Campanha D,4525,20183,433.1,74,866.45,22.42,0.1,5.85,200.06
2024-09-17,Orgânico,Campanha D,136,18488,264.58,62,1628.95,0.74,1.95,4.27,615.67
2024-09-18,Email Marketing,Campanha B,1817,6470,436.41,23,971.31,28.08,0.24,18.97,222.57
2024-09-19,Social Media,Campanha A,4908,39591,405.31,170,1334.86,12.4,0.08,2.38,329.34
2024-09-20,Orgânico,Campanha B,911,41976,55.86,145,1666.31,2.17,0.06,0.39,2983.01
2024-09-21,Referência,Campanha A,648,25542,392.74,84,973.02,2.54,0.61,4.68,247.75
2024-09-22,Pago,Campanha C,3684,33839,271.5,57,354.6,10.89,0.07,4.76,130.61
2024-09-23,Email Marketing,Campanha C,2601,40362,347.04,93,1346.12,6.44,0.13,3.73,387.89
2024-09-24,Orgânico,Campanha A,4004,29913,205.4,131,1761.2,13.39,0.05,1.57,857.45
2024-09-25,Email Marketing,Campanha A,2127,16979,213.33,66,1090.06,12.53,0.1,3.23,510.97
2024-09-26,Pago,Campanha C,115,41522,269.57,196,1754.55,0.28,2.34,1.38,650.87
2024-09-27,Orgânico,Campanha C,2587,33040,418.3,186,310.03,7.83,0.16,2.25,74.12
2024-09-28,Email Marketing,Campanha C,275,41316,76.62,101,308.54,0.67,0.28,0.76,402.69
2024-09-29,Social Media,Campanha B,2452,29627,91.7,11,496.56,8.28,0.04,8.34,541.5
2024-09-30,Referência,Campanha B,2586,36888,74.07,91,619.05,7.01,0.03,0.81,835.76
2024-10-01,Orgânico,Campanha B,2940,28017,489.47,29,880.11,10.49,0.17,16.88,179.81
2024-10-02,Pago,Campanha B,814,8271,172.16,66,1870.85,9.84,0.21,2.61,1086.69
2024-10-03,Email Marketing,Campanha B,792,30540,26.83,193,1426.83,2.59,0.03,0.14,5318.04
2024-10-04,Pago,Campanha A,1102,47409,112.4,98,596.88,2.32,0.1,1.15,531.03
2024-10-05,Referência,Campanha A,4336,35876,247.54,66,473.22,12.09,0.06,3.75,191.17
2024-10-06,Orgânico,Campanha C,4498,32669,298.81,115,212.44,13.77,0.07,2.6,71.1
2024-10-07,Orgânico,Campanha A,3076,32327,453.53,65,613.91,9.52,0.15,6.98,135.36
2024-10-08,Orgânico,Campanha B,3318,15742,28.48,45,614.99,21.08,0.01,0.63,2159.38
2024-10-09,Social Media,Campanha B,4723,15349,197.94,195,412.32,30.77,0.04,1.02,208.31
2024-10-10,Email Marketing,Campanha A,4939,42542,340.11,171,1991.78,11.61,0.07,1.99,585.63
2024-10-11,Orgânico,Campanha C,2454,13650,492.28,10,1188.2,17.98,0.2,49.23,241.37
2024-10-12,Referência,Campanha B,3598,39609,102.03,99,960.32,9.08,0.03,1.03,941.21
2024-10-13,Orgânico,Campanha C,414,46910,490.15,23,763.09,0.88,1.18,21.31,155.68
2024-10-14,Referência,Campanha B,753,41270,366.9,165,1204.37,1.82,0.49,2.22,328.26
2024-10-15,Email Marketing,Campanha D,2394,29127,295.61,171,1476.53,8.22,0.12,1.73,499.49
2024-10-16,Referência,Campanha B,4820,33405,155.97,34,241.25,14.43,0.03,4.59,154.68
2024-10-17,Orgânico,Campanha D,1075,20375,415.49,32,209.46,5.28,0.39,12.98,50.41
2024-10-18,Orgânico,Campanha B,3056,43593,409.17,123,585.26,7.01,0.13,3.33,143.04
2024-10-19,Pago,Campanha A,4337,13343,155.28,114,275.56,32.5,0.04,1.36,177.46
2024-10-20,Pago,Campanha A,761,49008,419.25,154,1952.76,1.55,0.55,2.72,465.77
2024-10-21,Social Media,Campanha B,4762,42642,458.43,24,741.26,11.17,0.1,19.1,161.7
2024-10-22,Email Marketing,Campanha A,3138,46222,368.05,96,1118.16,6.79,0.12,3.83,303.81
2024-10-23,Pago,Campanha A,559,13075,225.54,90,1146.12,4.28,0.4,2.51,508.17
2024-10-24,Social Media,Campanha D,347,20434,306.18,18,1807.48,1.7,0.88,17.01,590.33
2024-10-25,Social Media,Campanha C,667,20539,401.38,173,455.28,3.25,0.6,2.32,113.43
2024-10-26,Email Marketing,Campanha C,536,30769,402.25,6,624.81,1.74,0.75,67.04,155.33
2024-10-27,Pago,Campanha A,2967,32215,345.85,98,76.82,9.21,0.12,3.53,22.21
2024-10-28,Email Marketing,Campanha A,4468,46941,378.29,63,705.9,9.52,0.08,6.0,186.6
2024-10-29,Orgânico,Campanha A,4150,42396,297.24,41,1305.66,9.79,0.07,7.25,439.26
2024-10-30,Email Marketing,Campanha C,1345,35809,139.03,170,1717.85,3.76,0.1,0.82,1235.6
2024-10-31,Referência,Campanha C,4884,26588,422.8,110,1828.8,18.37,0.09,3.84,432.54
2024-11-01,Email Marketing,Campanha C,705,32504,142.52,199,714.11,2.17,0.2,0.72,501.06
2024-11-02,Pago,Campanha C,612,41464,388.2,120,536.48,1.48,0.63,3.24,138.2
2024-11-03,Social Media,Campanha A,1320,44049,377.28,148,1290.08,3.0,0.29,2.55,341.94
2024-11-04,Email Marketing,Campanha B,3831,35013,144.55,88,1544.95,10.94,0.04,1.64,1068.8
2024-11-05,Referência,Campanha B,2971,15452,404.43,111,764.74,19.23,0.14,3.64,189.09
2024-11-06,Pago,Campanha A,4823,13395,272.55,66,504.34,36.01,0.06,4.13,185.04
2024-11-07,Referência,Campanha B,1419,8780,97.05,32,92.75,16.16,0.07,3.03,95.57
2024-11-08,Pago,Campanha C,2680,18539,412.26,191,1106.32,14.46,0.15,2.16,268.35
2024-11-09,Email Marketing,Campanha A,4774,19237,477.86,19,1790.45,24.82,0.1,25.15,374.68
2024-11-10,Social Media,Campanha D,1179,8012,52.77,43,370.5,14.72,0.04,1.23,702.1
2024-11-11,Referência,Campanha A,4459,41143,495.34,10,1874.0,10.84,0.11,49.53,378.33
2024-11-12,Orgânico,Campanha D,4141,46565,164.67,12,604.25,8.89,0.04,13.72,366.95
2024-11-13,Referência,Campanha A,1582,43675,422.07,172,64.76,3.62,0.27,2.45,15.34
2024-11-14,Pago,Campanha B,2698,15841,460.92,173,707.24,17.03,0.17,2.66,153.44
2024-11-15,Pago,Campanha D,1116,37108,388.74,91,814.94,3.01,0.35,4.27,209.64
2024-11-16,Pago,Campanha B,4958,27115,385.44,99,1318.0,18.29,0.08,3.89,341.95
2024-11-17,Social Media,Campanha D,4491,34660,177.99,147,627.25,12.96,0.04,1.21,352.41
2024-11-18,Referência,Campanha A,3588,27227,247.63,70,1404.08,13.18,0.07,3.54,567.01
2024-11-19,Pago,Campanha B,3384,24178,227.82,93,554.05,14.0,0.07,2.45,243.2
2024-11-20,Email Marketing,Campanha B,3248,49226,367.35,50,1240.43,6.6,0.11,7.35,337.67
2024-11-21,Social Media,Campanha C,2532,34942,305.22,190,1849.59,7.25,0.12,1.61,605.99
2024-11-22,Referência,Campanha B,2556,26700,267.9,84,1976.42,9.57,0.1,3.19,737.75
2024-11-23,Social Media,Campanha C,761,32499,245.76,14,832.0,2.34,0.32,17.55,338.54
2024-11-24,Orgânico,Campanha A,2882,13975,80.53,98,1605.98,20.62,0.03,0.82,1994.26
2024-11-25,Email Marketing,Campanha C,4808,12832,491.75,16,1564.21,37.47,0.1,30.73,318.09
2024-11-26,Pago,Campanha A,3194,16075,114.56,92,810.03,19.87,0.04,1.25,707.08
2024-11-27,Email Marketing,Campanha B,4223,13735,111.05,122,1789.7,30.75,0.03,0.91,1611.62
2024-11-28,Email Marketing,Campanha A,2192,17428,276.45,134,1735.55,12.58,0.13,2.06,627.8
2024-11-29,Email Marketing,Campanha B,3594,11948,301.29,130,1726.36,30.08,0.08,2.32,572.99
2024-11-30,Orgânico,Campanha D,4286,42826,230.48,45,736.55,10.01,0.05,5.12,319.57
2024-12-01,Email Marketing,Campanha B,1482,37952,274.47,94,437.09,3.9,0.19,2.92,159.25
2024-12-02,Referência,Campanha D,1753,16011,382.77,100,520.5,10.95,0.22,3.83,135.98
2024-12-03,Pago,Campanha B,4078,26160,71.25,87,1862.15,15.59,0.02,0.82,2613.54
2024-12-04,Referência,Campanha B,4921,28384,486.36,170,1525.96,17.34,0.1,2.86,313.75
2024-12-05,Email Marketing,Campanha B,734,27347,194.19,73,995.3,2.68,0.26,2.66,512.54
2024-12-06,Orgânico,Campanha D,2577,32891,364.6,32,717.45,7.83,0.14,11.39,196.78
2024-12-07,Email Marketing,Campanha A,589,37919,35.69,116,1049.57,1.55,0.06,0.31,2940.8
2024-12-08,Referência,Campanha C,3152,33831,163.7,134,681.53,9.32,0.05,1.22,416.33
2024-12-09,Pago,Campanha A,3069,14282,402.85,57,881.62,21.49,0.13,7.07,218.85
2024-12-10,Email Marketing,Campanha A,2150,29202,50.88,138,1635.31,7.36,0.02,0.37,3214.05
2024-12-11,Social Media,Campanha A,861,23989,192.79,182,1261.51,3.59,0.22,1.06,654.34
2024-12-12,Email Marketing,Campanha C,2600,16519,206.98,103,796.09,15.74,0.08,2.01,384.62
2024-12-13,Orgânico,Campanha D,4711,47673,111.13,197,654.23,9.88,0.02,0.56,588.71
2024-12-14,Email Marketing,Campanha A,993,11298,29.47,20,672.8,8.79,0.03,1.47,2283.0
2024-12-15,Social Media,Campanha B,3682,10268,279.96,94,289.51,35.86,0.08,2.98,103.41
2024-12-16,Social Media,Campanha B,2901,48938,363.11,76,1974.93,5.93,0.13,4.78,543.89
2024-12-17,Email Marketing,Campanha A,415,34635,407.03,108,433.21,1.2,0.98,3.77,106.43
2024-12-18,Email Marketing,Campanha C,2572,20348,384.03,36,1685.71,12.64,0.15,10.67,438.95
2024-12-19,Email Marketing,Campanha B,3375,6244,93.48,69,1831.97,54.05,0.03,1.35,1959.75
2024-12-20,Social Media,Campanha B,2425,15051,226.41,125,1897.65,16.11,0.09,1.81,838.15
2024-12-21,Email Marketing,Campanha C,2680,31981,75.11,29,302.34,8.38,0.03,2.59,402.53
2024-12-22,Pago,Campanha B,1203,30129,220.49,149,1246.83,3.99,0.18,1.48,565.48
2024-12-23,Email Marketing,Campanha D,929,8474,309.92,197,524.81,10.96,0.33,1.57,169.34
2024-12-24,Pago,Campanha C,4405,22980,207.91,167,720.54,19.17,0.05,1.24,346.56
2024-12-25,Orgânico,Campanha A,319,6276,289.1,108,1710.38,5.08,0.91,2.68,591.62
2024-12-26,Social Media,Campanha A,4304,42079,251.99,194,931.66,10.23,0.06,1.3,369.72
2024-12-27,Pago,Campanha D,4668,35707,388.29,104,1893.84,13.07,0.08,3.73,487.74
2024-12-28,Referência,Campanha C,1126,28108,149.83,41,442.32,4.01,0.13,3.65,295.21
2024-12-29,Social Media,Campanha D,993,16532,405.52,114,526.42,6.01,0.41,3.56,129.81
2024-12-30,Orgânico,Campanha D,3527,33518,29.3,71,767.35,10.52,0.01,0.41,2618.94
